timestamp,name,protocol,feature_set,n_features,n_rows,n_folds,mean_rmse,std_rmse,oof_rmse,train_rmse,overfit_gap,fit_seconds,params
2026-10-01T13:57:48,step0_linreg_sanity,A,v0,15,396900,5,9.247579306790543,0.0242115690944611,9.24761100152135,9.245786396316324,0.0017929104742204,3.276738166809082,{}
2026-10-01T18:43:05,50_v1,A,v1,15,396900,5,8.955800756930532,0.015215089165357,8.955813681446026,8.893108048121862,0.0626927088086706,26.51315951347351,"{""n_estimators"": 1200, ""learning_rate"": 0.02, ""max_depth"": 4, ""min_child_weight"": 50, ""subsample"": 0.7, ""colsample_bytree"": 1.0}"
2026-10-01T18:47:14,51_lin_v1,A,v1,15,396900,5,9.195385407084713,0.0192236907455825,9.195405501396465,9.194081424196758,0.0013039828879541,3.349644660949707,{}
2026-10-04T20:27:21,40_fe5_xgb_v0_mode,A,v0_mode,15,396900,5,9.007147952642018,0.0189122835851794,9.007167807654842,8.943622620576011,0.0635253320660069,25.52198171615601,"{""n_estimators"": 1200, ""learning_rate"": 0.02, ""max_depth"": 4, ""min_child_weight"": 50, ""subsample"": 0.7, ""colsample_bytree"": 1.0, ""cat_missing"": ""most_frequent""}"
2026-10-04T20:27:26,41_fe5_linear_v0_mode,A,v0_mode,15,396900,5,9.247579306790543,0.0242115690944611,9.24761100152135,9.245786396316324,0.0017929104742204,3.4598069190979004,"{""cat_missing"": ""most_frequent""}"
2026-10-04T20:27:58,40_fe5_xgb_v1_missing_cat,A,v1_missing_cat,15,396900,5,8.955800756930532,0.015215089165357,8.955813681446026,8.893108048121862,0.0626927088086706,29.03266429901123,"{""n_estimators"": 1200, ""learning_rate"": 0.02, ""max_depth"": 4, ""min_child_weight"": 50, ""subsample"": 0.7, ""colsample_bytree"": 1.0, ""cat_missing"": ""category""}"
2026-10-04T20:28:04,41_fe5_linear_v1_missing_cat,A,v1_missing_cat,15,396900,5,9.195385407084713,0.0192236907455825,9.195405501396465,9.194081424196758,0.0013039828879541,4.022573471069336,"{""cat_missing"": ""category""}"
2026-10-04T20:28:37,42_fe5_abl_v0_усі_модою,A,v0_усі_модою,15,396900,5,9.007147952642018,0.0189122835851794,9.007167807654842,8.943622620576011,0.0635253320660069,29.38011384010315,"{""as_category"": []}"
2026-10-04T20:29:07,42_fe5_abl_тільки_2_зсунуті,A,тільки_2_зсунуті,15,396900,5,8.955560111995087,0.014925574121176,8.95557254966539,8.893280061581695,0.062280050413392,26.986172199249268,"{""as_category"": [""rest_quality"", ""learning_routine""]}"
2026-10-04T20:29:38,42_fe5_abl_тільки_6_нейтральних,A,тільки_6_нейтральних,15,396900,5,9.007141357480558,0.0187153562401608,9.00716080117347,8.943573499507185,0.0635678579733731,27.42508316040039,"{""as_category"": [""gender_group"", ""program_track"", ""home_internet"", ""campus_resources"", ""assessment_level"", ""registration_group""]}"
2026-10-04T20:30:08,42_fe5_abl_усі_8,A,усі_8,15,396900,5,8.955800756930532,0.015215089165357,8.955813681446026,8.893108048121862,0.0626927088086706,26.965033292770386,"{""as_category"": [""gender_group"", ""program_track"", ""home_internet"", ""rest_quality"", ""learning_routine"", ""campus_resources"", ""assessment_level"", ""registration_group""]}"
2026-10-04T20:30:40,50_FE1a_fix,A,FE1a_fix,15,396900,5,8.952897014210867,0.0147462254153803,8.952909158381418,8.88988085202763,0.0630161621832368,28.687142372131348,"{""fix_study_time"": ""True""}"
2026-10-04T20:31:10,50_FE1b_fix_fill,A,FE1b_fix_fill,15,396900,5,8.937721681328622,0.0169240549029933,8.93773770461665,8.875766823591546,0.0619548577370761,27.413482904434204,"{""fix_study_time"": ""True"", ""mutual_fill"": ""True""}"
2026-10-04T20:31:44,50_FE1c_consensus,A,FE1c_consensus,16,396900,5,8.938169449944544,0.0163233010705257,8.938184355118201,8.875826128289088,0.0623433216554563,30.264754056930546,"{""fix_study_time"": ""True"", ""mutual_fill"": ""True"", ""add_consensus"": ""True""}"
2026-10-04T20:31:49,51_lin_FE1a_fix,A,FE1a_fix,15,396900,5,9.125671163309082,0.0195913399165436,9.12569219300381,9.124356564159571,0.0013145991495093,3.50498366355896,"{""fix_study_time"": ""True""}"
2026-10-04T20:31:54,51_lin_FE1b_fix_fill,A,FE1b_fix_fill,15,396900,5,9.020002739183116,0.0214656087773002,9.020028280844306,9.018668832480133,0.0013339067029853,3.701027631759643,"{""fix_study_time"": ""True"", ""mutual_fill"": ""True""}"
2026-10-04T20:32:27,50_FE1d_minutes_as_source,A,FE1d,15,396900,5,8.988734550727123,0.0155631447936194,8.98874802377458,8.927039963199984,0.061694587527139,29.740574836730957,"{""variant"": ""study_minutes/60 для всіх рядків""}"
2026-10-04T20:32:32,51_lin_FE1d_minutes_as_source,A,FE1d,15,396900,5,9.088569049203588,0.0154316988807153,9.088582150119551,9.087251835286107,0.0013172139174812,3.5244853496551514,"{""variant"": ""study_minutes/60 для всіх рядків""}"
2026-10-04T20:33:01,50_FE2a_drop_eng,A,FE2a_drop_eng,14,396900,5,8.97934894550998,0.0200411868537616,8.979371310643172,8.915559900925231,0.0637890445847482,25.809226512908936,"{""drop"": ""('engagement_index',)""}"
2026-10-04T20:33:20,50_FE2b_drop_noise,A,FE2b_drop_noise,8,396900,5,8.954511542507543,0.0146450721803695,8.954523518481595,8.897159883049548,0.0573516594579945,17.112605094909668,"{""drop"": ""('intake_marker', 'learner_age', 'registration_group', 'gender_group', 'program_track', 'assessment_level', 'home_internet')""}"
2026-10-04T20:33:38,50_FE2c_drop_both,A,FE2c_drop_both,7,396900,5,8.978802592802072,0.0196461664310654,8.978824086280156,8.922920333552316,0.0558822592497563,15.903345823287964,"{""drop"": ""('intake_marker', 'learner_age', 'registration_group', 'gender_group', 'program_track', 'assessment_level', 'home_internet', 'engagement_index')""}"
2026-10-04T20:33:43,51_lin_FE2a_drop_eng,A,FE2a_drop_eng,14,396900,5,9.29004421392865,0.021087960026279,9.290068148232676,9.288731514629182,0.0013126992994685,3.380168914794922,"{""drop"": ""('engagement_index',)""}"
2026-10-04T20:33:44,51_lin_FE2b_drop_noise,A,FE2b_drop_noise,8,396900,5,9.196384761643971,0.0188240783249793,9.196404027125071,9.196013471494108,0.0003712901498644,1.2736201286315918,"{""drop"": ""('intake_marker', 'learner_age', 'registration_group', 'gender_group', 'program_track', 'assessment_level', 'home_internet')""}"
2026-10-04T20:34:21,50_FE3_missind,A,FE3_missind,23,396900,5,8.95275147541162,0.0151444349366408,8.952764284532151,8.890516723452853,0.0622347519587673,31.52487015724182,"{""missing_indicators"": ""True""}"
2026-10-04T20:34:52,50_FE4_ordinal,A,FE4_ordinal,15,396900,5,8.955846339248888,0.0149851588386022,8.95585887602206,8.893325644400099,0.0625206948487893,27.421507358551025,"{""ordinal"": ""True""}"
2026-10-04T20:34:56,51_lin_FE4_ordinal,A,FE4_ordinal,15,396900,5,9.19581439003976,0.0190990112109709,9.195834223619492,9.194640747494336,0.0011736425454245,2.854942321777344,"{""ordinal"": ""True""}"
2026-10-04T20:35:14,52_v2_combined,A,v2,8,396900,5,8.937578854109155,0.016529097282517,8.93759413849589,8.881594487711272,0.0559843663978831,16.82073712348938,"{""n_estimators"": 1200, ""learning_rate"": 0.02, ""max_depth"": 4, ""min_child_weight"": 50, ""subsample"": 0.7, ""colsample_bytree"": 1.0, ""combo"": ""FE1b+FE2b""}"
2026-10-04T20:35:19,53_rt_d3_m20,B,v2,8,150000,3,8.979210321226283,0.036016583569255,8.979282554141427,8.899575431183655,0.0796348900426284,4.2388200759887695,"{""n_estimators"": 1200, ""learning_rate"": 0.02, ""max_depth"": 3, ""min_child_weight"": 20, ""subsample"": 0.7, ""colsample_bytree"": 1.0}"
2026-10-04T20:35:24,53_rt_d3_m50,B,v2,8,150000,3,8.981791126012975,0.0359978409685727,8.98186326303623,8.902617528051158,0.0791735979618177,4.228114128112793,"{""n_estimators"": 1200, ""learning_rate"": 0.02, ""max_depth"": 3, ""min_child_weight"": 50, ""subsample"": 0.7, ""colsample_bytree"": 1.0}"
2026-10-04T20:35:28,53_rt_d3_m100,B,v2,8,150000,3,8.983671435654626,0.035952059168102,8.983743374248581,8.90647140622404,0.0772000294305854,4.221867322921753,"{""n_estimators"": 1200, ""learning_rate"": 0.02, ""max_depth"": 3, ""min_child_weight"": 100, ""subsample"": 0.7, ""colsample_bytree"": 1.0}"
2026-10-04T20:35:34,53_rt_d4_m20,B,v2,8,150000,3,8.969886234050563,0.0345746383352545,8.969952868183077,8.8115142959876,0.1583719380629631,5.181436061859131,"{""n_estimators"": 1200, ""learning_rate"": 0.02, ""max_depth"": 4, ""min_child_weight"": 20, ""subsample"": 0.7, ""colsample_bytree"": 1.0}"
2026-10-04T20:35:40,53_rt_d4_m50,B,v2,8,150000,3,8.971570626586399,0.0346315551289332,8.97163746773344,8.819882867359379,0.1516877592270198,5.256242752075195,"{""n_estimators"": 1200, ""learning_rate"": 0.02, ""max_depth"": 4, ""min_child_weight"": 50, ""subsample"": 0.7, ""colsample_bytree"": 1.0}"
2026-10-04T20:35:45,53_rt_d4_m100,B,v2,8,150000,3,8.972254689072514,0.0334282114109666,8.972316961125586,8.829247162520216,0.1430075265522976,5.180382966995239,"{""n_estimators"": 1200, ""learning_rate"": 0.02, ""max_depth"": 4, ""min_child_weight"": 100, ""subsample"": 0.7, ""colsample_bytree"": 1.0}"
2026-10-04T20:35:52,53_rt_d5_m20,B,v2,8,150000,3,8.969698923269519,0.0334611586778919,8.969761335913146,8.684924249608457,0.2847746736610617,5.995977163314819,"{""n_estimators"": 1200, ""learning_rate"": 0.02, ""max_depth"": 5, ""min_child_weight"": 20, ""subsample"": 0.7, ""colsample_bytree"": 1.0}"
2026-10-04T20:35:59,53_rt_d5_m50,B,v2,8,150000,3,8.970213025494395,0.0333964871423584,8.970275193554698,8.70898363205548,0.2612293934389154,5.998649835586548,"{""n_estimators"": 1200, ""learning_rate"": 0.02, ""max_depth"": 5, ""min_child_weight"": 50, ""subsample"": 0.7, ""colsample_bytree"": 1.0}"
2026-10-04T20:36:05,53_rt_d5_m100,B,v2,8,150000,3,8.971754194389826,0.032843718118887,8.971814311184295,8.73358134571316,0.2381728486766654,5.947211265563965,"{""n_estimators"": 1200, ""learning_rate"": 0.02, ""max_depth"": 5, ""min_child_weight"": 100, ""subsample"": 0.7, ""colsample_bytree"": 1.0}"
2026-10-04T20:36:13,53_rt_d6_m20,B,v2,8,150000,3,8.978604438062431,0.0317591517336998,8.978660607179293,8.504450742606489,0.4741536954559429,6.867469072341919,"{""n_estimators"": 1200, ""learning_rate"": 0.02, ""max_depth"": 6, ""min_child_weight"": 20, ""subsample"": 0.7, ""colsample_bytree"": 1.0}"
2026-10-04T20:36:21,53_rt_d6_m50,B,v2,8,150000,3,8.978396759256732,0.0314781380455524,8.978451940051059,8.562538480645962,0.41585827861077,7.27457332611084,"{""n_estimators"": 1200, ""learning_rate"": 0.02, ""max_depth"": 6, ""min_child_weight"": 50, ""subsample"": 0.7, ""colsample_bytree"": 1.0}"
2026-10-04T20:36:28,53_rt_d6_m100,B,v2,8,150000,3,8.97760886085905,0.0309710162444571,8.977662282711583,8.615540034554991,0.3620688263040588,6.979557991027832,"{""n_estimators"": 1200, ""learning_rate"": 0.02, ""max_depth"": 6, ""min_child_weight"": 100, ""subsample"": 0.7, ""colsample_bytree"": 1.0}"
2026-10-04T20:36:51,54_v2_retuned,A,v2,8,396900,5,8.92701935919698,0.0165561066019596,8.927034711713821,8.822020421647291,0.1049989375496878,19.592084884643555,"{""n_estimators"": 1200, ""learning_rate"": 0.02, ""max_depth"": 5, ""min_child_weight"": 20, ""subsample"": 0.7, ""colsample_bytree"": 1.0, ""note"": ""ретюнінг під v2""}"
2026-10-05T14:30:24,60_xgb,A,v2,8,396900,5,8.92701935919698,0.0165561066019596,8.927034711713821,8.822020421647291,0.1049989375496878,23.53801727294922,"{""model"": ""XGBoost (v2, еталон)""}"
2026-10-05T14:31:02,60_lgbm,A,v2,8,396900,5,8.934101249267462,0.0164645539087256,8.934116420424454,8.870385395824837,0.0637158534426252,24.77244472503662,"{""model"": ""LightGBM""}"
2026-10-05T14:31:31,60_cat,A,v2,8,396900,5,8.9395063191916,0.0185259607955684,8.93952551548962,8.917396201132638,0.0221101180589631,28.3221116065979,"{""model"": ""CatBoost""}"
2026-10-05T14:32:00,61_xgb_B_native_nan,A,v2,8,396900,5,8.918575292141924,0.0174404308302151,8.918592344660224,8.808512041070811,0.1100632510711125,25.94985556602478,"{""cat"": ""one-hot"", ""nan"": ""нативно""}"
2026-10-05T14:32:29,62_xgb_C_native_cat,A,v2,8,396900,5,8.918948686332083,0.0165322140601449,8.91896400842197,8.803498642484062,0.1154500438480212,25.356421947479248,"{""cat"": ""нативні"", ""nan"": ""нативно""}"
2026-10-05T14:33:05,63_lgbm_C_native_cat,A,v2,8,396900,5,8.925864511797897,0.0162039041964374,8.925879219969557,8.858225793432293,0.0676387183656039,22.918859720230103,"{""cat"": ""нативні"", ""nan"": ""нативно""}"
2026-10-05T14:33:07,64_linear,A,v2,8,396900,5,9.020952839397266,0.0212874223326143,9.020977956129766,9.020568439840964,0.0003843995563013,1.276892900466919,"{""model"": ""LinearRegression""}"
2026-10-05T14:34:28,65_rf,A,v2,8,396900,5,9.04528585325382,0.0193551172484617,9.04530656128566,7.0847061391087935,1.960579714145026,63.58456540107727,"{""model"": ""RandomForest""}"
2026-10-05T14:46:50,80_final_oof_XGB_native,A,v2_full,8,441000,5,8.91576218573216,0.017409186678258,8.915779182567965,8.81115746647429,0.1046047192578694,29.955273151397705,"{""model"": ""XGB native""}"
2026-10-05T14:47:28,80_final_oof_LGBM_native,A,v2_full,8,441000,5,8.924417414419487,0.0174916352826399,8.924434555987212,8.86330184646786,0.0611155679516279,24.191081762313843,"{""model"": ""LGBM native""}"
2026-10-05T14:48:00,80_final_oof_CatBoost,A,v2_full,8,441000,5,8.9393327657088,0.0159811014638729,8.939347050634007,8.918789024537421,0.0205437411713784,31.22211217880249,"{""model"": ""CatBoost""}"
2026-10-05T14:49:33,80_final_oof_RandomForest,A,v2_full,8,441000,5,9.037983257848396,0.0183629754104794,9.038001912370556,7.079735323457511,1.9582479343908847,70.79720187187195,"{""model"": ""RandomForest""}"
2026-10-05T14:49:35,80_final_oof_Linear,A,v2_full,8,441000,5,9.02199596124292,0.0164232393021567,9.022010909296926,9.021696562638462,0.0002993986044561,1.4419851303100586,"{""model"": ""Linear""}"
2026-10-05T18:36:55,00_constant_mean,A,v0,15,396900,5,18.918337464793655,0.0431119441228662,18.918386587432376,18.918275765381015,6.169941264033696e-05,0.0015311241149902,"{""strategy"": ""mean""}"
2026-10-05T18:37:00,01_linear_regression,A,v0,15,396900,5,9.247579306790543,0.0242115690944611,9.24761100152135,9.245786396316324,0.0017929104742204,3.3123629093170166,"{""model"": ""LinearRegression"", ""scale"": true}"
2026-10-05T18:37:12,02_ridge,A,v0,15,396900,5,9.247578858696588,0.0242107722141624,9.247610551342616,9.24578677150171,0.0017920871948771,6.59902548789978,"{""alphas"": ""logspace(-2,4,25)"", ""cv"": ""внутрішній RidgeCV""}"
2026-10-05T18:37:17,03_lasso,A,v0,15,396900,5,9.247938398640157,0.0238795653015598,9.247969228900043,9.24675366556052,0.0011847330796346,4.237010478973389,"{""n_alphas"": 12, ""cv"": 3}"
2026-10-05T18:37:38,10_tree_initial,A,v0,15,396900,5,13.115103326096463,0.0271951739997145,13.115131521707111,2.291671338427981e-16,13.115103326096463,16.620551824569702,"{""max_depth"": null, ""min_samples_leaf"": 1, ""note"": ""без обмежень""}"
2026-10-05T18:37:39,11_tree_depth_2,B,v0,15,150000,3,12.927397110758209,0.0370510507496417,12.927450206425137,12.909673564753298,0.0177235460049089,0.6943991184234619,"{""max_depth"": 2}"
2026-10-05T18:37:40,11_tree_depth_4,B,v0,15,150000,3,11.478284175952544,0.0341023283829511,11.478334835363691,11.44190527027858,0.0363789056739634,0.948761224746704,"{""max_depth"": 4}"
2026-10-05T18:37:42,11_tree_depth_6,B,v0,15,150000,3,10.645096502558395,0.0221318140310134,10.64511950923865,10.565268740652124,0.079827761906273,1.1810014247894287,"{""max_depth"": 6}"
2026-10-05T18:37:43,11_tree_depth_8,B,v0,15,150000,3,10.110251353296407,0.0298733255584526,10.110295487393618,9.881677373018398,0.2285739802780089,1.4991703033447266,"{""max_depth"": 8}"
2026-10-05T18:37:47,11_tree_depth_10,B,v0,15,150000,3,9.9227972628675,0.0359668267058054,9.922862446521874,9.249473034548208,0.6733242283192933,2.603436231613159,"{""max_depth"": 10}"
2026-10-05T18:37:51,11_tree_depth_12,B,v0,15,150000,3,10.213208805454158,0.0349078355121874,10.21326846121194,8.441711531924579,1.7714972735295795,3.666879892349243,"{""max_depth"": 12}"
2026-10-05T18:37:56,11_tree_depth_14,B,v0,15,150000,3,10.984232926235618,0.0220419340704911,10.984255041861338,7.285087761828106,3.699145164407512,4.033606290817261,"{""max_depth"": 14}"
2026-10-05T18:38:01,11_tree_depth_16,B,v0,15,150000,3,11.80676736506071,0.0143872050303166,11.806776130863632,5.840410230193158,5.966357134867551,4.381832122802734,"{""max_depth"": 16}"
2026-10-05T18:38:06,11_tree_depth_20,B,v0,15,150000,3,12.894756855786682,0.0256960927700608,12.894782458771504,3.0182666840680317,9.87649017171865,5.048619031906128,"{""max_depth"": 20}"
2026-10-05T18:38:13,11_tree_depth_None,B,v0,15,150000,3,13.243535042445982,0.0168826194236169,13.243545803270864,2.599369397142735e-16,13.243535042445982,5.5698401927948,"{""max_depth"": null}"
2026-10-05T18:38:16,12_tree_d8_leaf1,B,v0,15,150000,3,10.110251353296407,0.0298733255584526,10.110295487393618,9.881677373018398,0.2285739802780089,2.7487611770629883,"{""max_depth"": 8, ""min_samples_leaf"": 1}"
2026-10-05T18:38:20,12_tree_d8_leaf50,B,v0,15,150000,3,10.105630592860166,0.0311761836840184,10.105678682492355,9.892948703847187,0.2126818890129769,2.7886698246002197,"{""max_depth"": 8, ""min_samples_leaf"": 50}"
2026-10-05T18:38:23,12_tree_d8_leaf200,B,v0,15,150000,3,10.138485760884532,0.0180463706621044,10.138501822022448,9.967783173511402,0.1707025873731318,2.752173662185669,"{""max_depth"": 8, ""min_samples_leaf"": 200}"
2026-10-05T18:38:26,12_tree_d8_leaf1000,B,v0,15,150000,3,10.563357874228991,0.0376479799166247,10.563424963023474,10.475699965271144,0.0876579089578477,2.4654793739318848,"{""max_depth"": 8, ""min_samples_leaf"": 1000}"
2026-10-05T18:38:28,12_tree_d8_leaf5000,B,v0,15,150000,3,11.608224040743702,0.0467753819843553,11.608318281149074,11.57417190609641,0.0340521346472915,1.7660911083221436,"{""max_depth"": 8, ""min_samples_leaf"": 5000}"
2026-10-05T18:38:32,12_tree_d10_leaf1,B,v0,15,150000,3,9.9227972628675,0.0359668267058054,9.922862446521874,9.249473034548208,0.6733242283192933,3.2946853637695312,"{""max_depth"": 10, ""min_samples_leaf"": 1}"
2026-10-05T18:38:35,12_tree_d10_leaf50,B,v0,15,150000,3,9.83778600003948,0.0212397452977805,9.837808928280376,9.385225543579333,0.4525604564601462,2.3975353240966797,"{""max_depth"": 10, ""min_samples_leaf"": 50}"
2026-10-05T18:38:37,12_tree_d10_leaf200,B,v0,15,150000,3,9.949881949967647,0.0261958862373959,9.949916433958016,9.700563146168696,0.2493188037989515,1.8853759765625,"{""max_depth"": 10, ""min_samples_leaf"": 200}"
2026-10-05T18:38:39,12_tree_d10_leaf1000,B,v0,15,150000,3,10.555814448292876,0.0335612703947633,10.555867800690722,10.46677944058304,0.0890350077098354,1.489518165588379,"{""max_depth"": 10, ""min_samples_leaf"": 1000}"
2026-10-05T18:38:41,12_tree_d10_leaf5000,B,v0,15,150000,3,11.608224040743702,0.0467753819843553,11.608318281149074,11.57417190609641,0.0340521346472915,1.2032511234283447,"{""max_depth"": 10, ""min_samples_leaf"": 5000}"
2026-10-05T18:38:43,12_tree_d12_leaf1,B,v0,15,150000,3,10.213208805454158,0.0349078355121874,10.21326846121194,8.441711531924579,1.7714972735295795,2.0649054050445557,"{""max_depth"": 12, ""min_samples_leaf"": 1}"
2026-10-05T18:38:46,12_tree_d12_leaf50,B,v0,15,150000,3,9.756144141254664,0.0226852420328173,9.756170515378653,9.099719787355598,0.656424353899066,2.0855817794799805,"{""max_depth"": 12, ""min_samples_leaf"": 50}"
2026-10-05T18:38:48,12_tree_d12_leaf200,B,v0,15,150000,3,9.925361348637972,0.0243465810663843,9.9253912092696,9.665491805835094,0.2598695428028783,2.156801700592041,"{""max_depth"": 12, ""min_samples_leaf"": 200}"
2026-10-05T18:38:51,12_tree_d12_leaf1000,B,v0,15,150000,3,10.555814448292876,0.0335612703947633,10.555867800690722,10.46677944058304,0.0890350077098354,1.7486815452575684,"{""max_depth"": 12, ""min_samples_leaf"": 1000}"
2026-10-05T18:38:52,12_tree_d12_leaf5000,B,v0,15,150000,3,11.608224040743702,0.0467753819843553,11.608318281149074,11.57417190609641,0.0340521346472915,1.2513253688812256,"{""max_depth"": 12, ""min_samples_leaf"": 5000}"
2026-10-05T18:38:55,12_tree_d14_leaf1,B,v0,15,150000,3,10.984232926235618,0.0220419340704911,10.984255041861338,7.285087761828106,3.699145164407512,2.436400890350342,"{""max_depth"": 14, ""min_samples_leaf"": 1}"
2026-10-05T18:38:57,12_tree_d14_leaf50,B,v0,15,150000,3,9.753223983896492,0.0175594899144416,9.753239790743374,9.023595492010712,0.72962849188578,2.046779155731201,"{""max_depth"": 14, ""min_samples_leaf"": 50}"
2026-10-05T18:39:00,12_tree_d14_leaf200,B,v0,15,150000,3,9.924870132153885,0.0241284488353259,9.924899461564507,9.665165354055702,0.2597047780981825,1.9372029304504397,"{""max_depth"": 14, ""min_samples_leaf"": 200}"
2026-10-05T18:39:01,12_tree_d14_leaf1000,B,v0,15,150000,3,10.555814448292876,0.0335612703947633,10.555867800690722,10.46677944058304,0.0890350077098354,1.3128631114959717,"{""max_depth"": 14, ""min_samples_leaf"": 1000}"
2026-10-05T18:39:03,12_tree_d14_leaf5000,B,v0,15,150000,3,11.608224040743702,0.0467753819843553,11.608318281149074,11.57417190609641,0.0340521346472915,1.0075578689575195,"{""max_depth"": 14, ""min_samples_leaf"": 5000}"
2026-10-05T18:39:06,12_tree_d16_leaf1,B,v0,15,150000,3,11.80676736506071,0.0143872050303166,11.806776130863632,5.840410230193158,5.966357134867551,3.0484068393707275,"{""max_depth"": 16, ""min_samples_leaf"": 1}"
2026-10-05T18:39:08,12_tree_d16_leaf50,B,v0,15,150000,3,9.752713783795834,0.0179599508388711,9.752730320708933,9.018762447089903,0.73395133670593,1.842829942703247,"{""max_depth"": 16, ""min_samples_leaf"": 50}"
2026-10-05T18:39:10,12_tree_d16_leaf200,B,v0,15,150000,3,9.924870132153885,0.0241284488353259,9.924899461564507,9.665165354055702,0.2597047780981825,1.599879503250122,"{""max_depth"": 16, ""min_samples_leaf"": 200}"
2026-10-05T18:39:12,12_tree_d16_leaf1000,B,v0,15,150000,3,10.555814448292876,0.0335612703947633,10.555867800690722,10.46677944058304,0.0890350077098354,1.344137191772461,"{""max_depth"": 16, ""min_samples_leaf"": 1000}"
2026-10-05T18:39:13,12_tree_d16_leaf5000,B,v0,15,150000,3,11.608224040743702,0.0467753819843553,11.608318281149074,11.57417190609641,0.0340521346472915,0.9357879161834716,"{""max_depth"": 16, ""min_samples_leaf"": 5000}"
2026-10-05T18:39:17,12_tree_dNone_leaf1,B,v0,15,150000,3,13.243535042445982,0.0168826194236169,13.243545803270864,2.599369397142735e-16,13.243535042445982,2.865858316421509,"{""max_depth"": null, ""min_samples_leaf"": 1}"
2026-10-05T18:39:19,12_tree_dNone_leaf50,B,v0,15,150000,3,9.752713783795834,0.0179599508388711,9.752730320708933,9.018762447089903,0.73395133670593,1.9079763889312744,"{""max_depth"": null, ""min_samples_leaf"": 50}"
2026-10-05T18:39:21,12_tree_dNone_leaf200,B,v0,15,150000,3,9.924870132153885,0.0241284488353259,9.924899461564507,9.665165354055702,0.2597047780981825,1.7028300762176514,"{""max_depth"": null, ""min_samples_leaf"": 200}"
2026-10-05T18:39:23,12_tree_dNone_leaf1000,B,v0,15,150000,3,10.555814448292876,0.0335612703947633,10.555867800690722,10.46677944058304,0.0890350077098354,1.3397750854492188,"{""max_depth"": null, ""min_samples_leaf"": 1000}"
2026-10-05T18:39:24,12_tree_dNone_leaf5000,B,v0,15,150000,3,11.608224040743702,0.0467753819843553,11.608318281149074,11.57417190609641,0.0340521346472915,0.9859423637390136,"{""max_depth"": null, ""min_samples_leaf"": 5000}"
2026-10-05T18:39:38,13_tree_tuned,A,v0,15,396900,5,9.537781049950429,0.0185010066993673,9.53779899369044,8.855468181348044,0.6823128686023843,12.237587690353394,"{""max_depth"": 16, ""min_samples_leaf"": 50, ""search"": ""30 конфігурацій, Protocol B""}"
2026-10-05T18:43:03,20_rf_initial,A,v0,15,396900,5,9.238836056625445,0.0166302813331827,9.238851024205315,3.456757287449318,5.782078769176127,178.0752992630005,"{""n_estimators"": 100, ""max_depth"": null, ""max_features"": 1.0, ""note"": ""за замовчуванням""}"
2026-10-05T18:43:09,21_rf_n10,B,v0,15,150000,3,9.747086109992832,0.0325369105816951,9.747140415843274,4.119635733459699,5.627450376533133,4.460472583770752,"{""n_estimators"": 10}"
2026-10-05T18:43:20,21_rf_n25,B,v0,15,150000,3,9.45539917841216,0.0256994784979201,9.455434103536042,3.710305078616881,5.7450940997952795,10.315215826034546,"{""n_estimators"": 25}"
2026-10-05T18:43:47,21_rf_n50,B,v0,15,150000,3,9.359654637827065,0.0249957065160205,9.35968801428455,3.5597921548821865,5.799862482944876,23.594293117523193,"{""n_estimators"": 50}"
2026-10-05T18:44:31,21_rf_n100,B,v0,15,150000,3,9.31297688001328,0.0273261971876714,9.313016970279536,3.483420473990492,5.829556406022789,39.21150326728821,"{""n_estimators"": 100}"
2026-10-05T18:45:58,21_rf_n200,B,v0,15,150000,3,9.28776890069805,0.0254481393967263,9.287803764107672,3.443639972879684,5.844128927818366,77.92996573448181,"{""n_estimators"": 200}"
2026-10-05T18:46:11,22_rf_mfsqrt_leaf1,B,v0,15,150000,3,9.266562582514249,0.0331014680911281,9.266621703881246,3.4726488609798523,5.7939137215343965,8.181401014328003,"{""max_features"": ""sqrt"", ""min_samples_leaf"": 1, ""n_estimators"": 100}"
2026-10-05T18:46:18,22_rf_mfsqrt_leaf5,B,v0,15,150000,3,9.246486112417786,0.0287802885214192,9.24653090256786,7.3926857311706655,1.8538003812471209,5.607641220092773,"{""max_features"": ""sqrt"", ""min_samples_leaf"": 5, ""n_estimators"": 100}"
2026-10-05T18:46:24,22_rf_mfsqrt_leaf20,B,v0,15,150000,3,9.353067971919865,0.0304054329657731,9.353117393559591,8.788653121347982,0.5644148505718825,4.982620000839233,"{""max_features"": ""sqrt"", ""min_samples_leaf"": 20, ""n_estimators"": 100}"
2026-10-05T18:46:42,22_rf_mf0.3_leaf1,B,v0,15,150000,3,9.2326271819814,0.0237689371764251,9.232657777901029,3.4545508688821216,5.77807631309928,13.408592462539673,"{""max_features"": 0.3, ""min_samples_leaf"": 1, ""n_estimators"": 100}"
2026-10-05T18:46:54,22_rf_mf0.3_leaf5,B,v0,15,150000,3,9.183326649367917,0.0286380912717113,9.183371303027156,6.692533558859679,2.4907930905082383,9.864829301834106,"{""max_features"": 0.3, ""min_samples_leaf"": 5, ""n_estimators"": 100}"
2026-10-05T18:47:03,22_rf_mf0.3_leaf20,B,v0,15,150000,3,9.198000305490126,0.0280327402687832,9.198043023074172,8.46097109453776,0.7370292109523664,8.292358875274658,"{""max_features"": 0.3, ""min_samples_leaf"": 20, ""n_estimators"": 100}"
2026-10-05T18:47:28,22_rf_mf0.5_leaf1,B,v0,15,150000,3,9.25593652916529,0.0257406761477159,9.255972321390384,3.4605042977766405,5.795432231388649,20.526731967926025,"{""max_features"": 0.5, ""min_samples_leaf"": 1, ""n_estimators"": 100}"
2026-10-05T18:47:47,22_rf_mf0.5_leaf5,B,v0,15,150000,3,9.200589381065686,0.0247014189392474,9.200622539756552,6.352226930211843,2.848362450853844,16.722522735595703,"{""max_features"": 0.5, ""min_samples_leaf"": 5, ""n_estimators"": 100}"
2026-10-05T18:48:04,22_rf_mf0.5_leaf20,B,v0,15,150000,3,9.191434024431787,0.0293425723255269,9.19148086066837,8.322373498391636,0.8690605260401512,14.96740984916687,"{""max_features"": 0.5, ""min_samples_leaf"": 20, ""n_estimators"": 100}"
2026-10-05T18:48:48,22_rf_mf1.0_leaf1,B,v0,15,150000,3,9.31297688001328,0.0273261971876714,9.313016970279536,3.4834204739904924,5.829556406022789,39.7740523815155,"{""max_features"": 1.0, ""min_samples_leaf"": 1, ""n_estimators"": 100}"
2026-10-05T18:49:22,22_rf_mf1.0_leaf5,B,v0,15,150000,3,9.259285419835862,0.025175323582059,9.259319644709455,6.018175562849454,3.241109856986408,31.94306588172913,"{""max_features"": 1.0, ""min_samples_leaf"": 5, ""n_estimators"": 100}"
2026-10-05T18:49:51,22_rf_mf1.0_leaf20,B,v0,15,150000,3,9.227587703766382,0.0281454137173571,9.227630627361169,8.192035785865146,1.0355519179012358,27.661778450012207,"{""max_features"": 1.0, ""min_samples_leaf"": 20, ""n_estimators"": 100}"
2026-10-05T18:53:57,23_rf_tuned,A,v0,15,396900,5,9.099263383061388,0.0230337602343924,9.09929253669934,6.630422760906822,2.4688406221545653,209.9539539813995,"{""n_estimators"": 300, ""max_features"": 0.3, ""min_samples_leaf"": 5, ""search"": ""12 конфігурацій, Protocol B""}"
2026-10-05T18:54:23,30_xgb_initial,A,v0,15,396900,5,9.015312923325492,0.0208503808124849,9.015337034401966,8.573961689702523,0.441351233622969,22.838554859161377,"{""n_estimators"": 500, ""learning_rate"": 0.1, ""max_depth"": 6, ""tree_method"": ""hist""}"
2026-10-05T18:54:26,31_xgb_lr0.3_n100,B,v0,15,150000,3,9.18887290078252,0.0289646961045895,9.18891855118739,8.375932262514153,0.8129406382683655,1.9971449375152588,"{""learning_rate"": 0.3, ""n_estimators"": 100}"
2026-10-05T18:54:31,31_xgb_lr0.3_n300,B,v0,15,150000,3,9.34183607678427,0.0204518685337746,9.34185846416197,7.389219395519075,1.9526166812651953,3.855944156646729,"{""learning_rate"": 0.3, ""n_estimators"": 300}"
2026-10-05T18:54:39,31_xgb_lr0.3_n600,B,v0,15,150000,3,9.531393130068423,0.0242356798589352,9.531423942312804,6.280106336847979,3.2512867932204443,6.806621074676514,"{""learning_rate"": 0.3, ""n_estimators"": 600}"
2026-10-05T18:54:53,31_xgb_lr0.3_n1200,B,v0,15,150000,3,9.770772861762037,0.0167352933789292,9.7707871937828,4.652714772494785,5.11805808926725,12.634789228439333,"{""learning_rate"": 0.3, ""n_estimators"": 1200}"
2026-10-05T18:54:55,31_xgb_lr0.1_n100,B,v0,15,150000,3,9.085359203766595,0.0266759187977036,9.08539836584561,8.738755658717034,0.346603545049561,2.056232452392578,"{""learning_rate"": 0.1, ""n_estimators"": 100}"
2026-10-05T18:55:00,31_xgb_lr0.1_n300,B,v0,15,150000,3,9.082044769430462,0.0197488738871514,9.08206624133292,8.292303069173164,0.7897417002572986,4.119746685028076,"{""learning_rate"": 0.1, ""n_estimators"": 300}"
2026-10-05T18:55:08,31_xgb_lr0.1_n600,B,v0,15,150000,3,9.13183214728096,0.0198662884459575,9.131853756797172,7.778409806908715,1.3534223403722452,6.6486546993255615,"{""learning_rate"": 0.1, ""n_estimators"": 600}"
2026-10-05T18:55:21,31_xgb_lr0.1_n1200,B,v0,15,150000,3,9.225290357543775,0.0148372949153823,9.225302289156197,6.918349613025665,2.3069407445181103,12.112022876739502,"{""learning_rate"": 0.1, ""n_estimators"": 1200}"
2026-10-05T18:55:24,31_xgb_lr0.05_n100,B,v0,15,150000,3,9.117779296985823,0.03337194026974,9.11784036902054,8.903014231466205,0.214765065519618,2.1589863300323486,"{""learning_rate"": 0.05, ""n_estimators"": 100}"
2026-10-05T18:55:29,31_xgb_lr0.05_n300,B,v0,15,150000,3,9.0585281005395,0.0295727840210484,9.058576372577454,8.596711595158684,0.4618165053808152,4.225064039230347,"{""learning_rate"": 0.05, ""n_estimators"": 300}"
2026-10-05T18:55:37,31_xgb_lr0.05_n600,B,v0,15,150000,3,9.06323139917427,0.0263260052825234,9.063269633721184,8.287707591902494,0.7755238072717763,7.151968955993652,"{""learning_rate"": 0.05, ""n_estimators"": 600}"
2026-10-05T18:55:52,31_xgb_lr0.05_n1200,B,v0,15,150000,3,9.108114033415916,0.022685818705802,9.10814228545417,7.778762414631967,1.3293516187839485,13.331524848937988,"{""learning_rate"": 0.05, ""n_estimators"": 1200}"
2026-10-05T18:55:55,31_xgb_lr0.02_n100,B,v0,15,150000,3,9.775949957240622,0.0287294135177437,9.775992171931913,9.662272752462426,0.1136772047781953,2.1614840030670166,"{""learning_rate"": 0.02, ""n_estimators"": 100}"
2026-10-05T18:56:00,31_xgb_lr0.02_n300,B,v0,15,150000,3,9.093951501264764,0.0320333949130266,9.094007919819804,8.850555831198433,0.2433956700663309,4.466078042984009,"{""learning_rate"": 0.02, ""n_estimators"": 300}"
2026-10-05T18:56:08,31_xgb_lr0.02_n600,B,v0,15,150000,3,9.059984048663395,0.0297757472792575,9.060032977708262,8.665453863687107,0.3945301849762899,7.435288429260254,"{""learning_rate"": 0.02, ""n_estimators"": 600}"
2026-10-05T18:56:23,31_xgb_lr0.02_n1200,B,v0,15,150000,3,9.053061810507122,0.0262873561076471,9.05309997569637,8.397483918183045,0.6555778923240769,13.065385818481444,"{""learning_rate"": 0.02, ""n_estimators"": 1200}"
2026-10-05T18:56:32,32_xgb_d3_mcw1,B,v0,15,150000,3,9.073168630706215,0.0337241054429405,9.073231305137064,8.97784328209701,0.0953253486092045,8.208816051483154,"{""max_depth"": 3, ""min_child_weight"": 1}"
2026-10-05T18:56:42,32_xgb_d3_mcw10,B,v0,15,150000,3,9.073831442428416,0.0330331902254453,9.073891570724165,8.978431121392434,0.0954003210359815,8.185683250427246,"{""max_depth"": 3, ""min_child_weight"": 10}"
2026-10-05T18:56:51,32_xgb_d3_mcw50,B,v0,15,150000,3,9.073064585771492,0.0341021448516559,9.073128673939564,8.97959376356521,0.0934708222062816,8.222919225692749,"{""max_depth"": 3, ""min_child_weight"": 50}"
2026-10-05T18:57:01,32_xgb_d4_mcw1,B,v0,15,150000,3,9.04583483872677,0.0314037427438337,9.045889349565432,8.853096627283152,0.1927382114436184,9.533779621124268,"{""max_depth"": 4, ""min_child_weight"": 1}"
2026-10-05T18:57:12,32_xgb_d4_mcw10,B,v0,15,150000,3,9.046348493419464,0.0313024021997208,9.046402649936386,8.855540299337129,0.1908081940823347,9.567994117736816,"{""max_depth"": 4, ""min_child_weight"": 10}"
2026-10-05T18:57:23,32_xgb_d4_mcw50,B,v0,15,150000,3,9.044286653718965,0.0323749161227502,9.04434459813606,8.862406692851957,0.1818799608670058,9.983646869659424,"{""max_depth"": 4, ""min_child_weight"": 50}"
2026-10-05T18:57:39,32_xgb_d6_mcw1,B,v0,15,150000,3,9.053061810507122,0.0262873561076471,9.05309997569637,8.397483918183045,0.6555778923240769,14.542659044265749,"{""max_depth"": 6, ""min_child_weight"": 1}"
2026-10-05T18:57:55,32_xgb_d6_mcw10,B,v0,15,150000,3,9.052413015290371,0.0273029874338285,9.052454189473774,8.431645905178813,0.6207671101115579,14.002648830413818,"{""max_depth"": 6, ""min_child_weight"": 10}"
2026-10-05T18:58:09,32_xgb_d6_mcw50,B,v0,15,150000,3,9.04745050564113,0.0261202451150055,9.047488210505213,8.52254688678641,0.5249036188547205,12.653726577758787,"{""max_depth"": 6, ""min_child_weight"": 50}"
2026-10-05T18:58:29,32_xgb_d8_mcw1,B,v0,15,150000,3,9.104336321934973,0.0205455216725319,9.104359504180689,7.355345129204587,1.7489911927303856,18.455230951309204,"{""max_depth"": 8, ""min_child_weight"": 1}"
2026-10-05T18:58:48,32_xgb_d8_mcw10,B,v0,15,150000,3,9.102033935448622,0.0183643288452571,9.10205246143046,7.543226235308974,1.5588077001396483,17.37113642692566,"{""max_depth"": 8, ""min_child_weight"": 10}"
2026-10-05T18:59:06,32_xgb_d8_mcw50,B,v0,15,150000,3,9.082079264087314,0.0184353566728563,9.082097974671957,7.935516316488777,1.1465629475985368,16.450170040130615,"{""max_depth"": 8, ""min_child_weight"": 50}"
2026-10-05T18:59:38,32_xgb_d10_mcw1,B,v0,15,150000,3,9.193089007275123,0.0274312963730167,9.193129933363467,5.441125808801509,3.7519631984736144,28.127951860427856,"{""max_depth"": 10, ""min_child_weight"": 1}"
2026-10-05T19:00:04,32_xgb_d10_mcw10,B,v0,15,150000,3,9.17786806985296,0.0223259947887304,9.177895224814336,6.037719102246743,3.1401489676062164,24.00583291053772,"{""max_depth"": 10, ""min_child_weight"": 10}"
2026-10-05T19:00:27,32_xgb_d10_mcw50,B,v0,15,150000,3,9.138154841425472,0.0226719578722011,9.138182966188714,7.186239980774361,1.9519148606511123,20.73782444000244,"{""max_depth"": 10, ""min_child_weight"": 50}"
2026-10-05T19:00:39,33_xgb_sub0.7_col0.6,B,v0,15,150000,3,9.040330803382176,0.031278952874793,9.040384914785076,8.885027683422932,0.1553031199592442,10.145616292953491,"{""subsample"": 0.7, ""colsample_bytree"": 0.6}"
2026-10-05T19:00:50,33_xgb_sub0.7_col0.8,B,v0,15,150000,3,9.034683112348183,0.0306339936882077,9.034735047698891,8.869581735918068,0.1651013764301154,10.095852851867676,"{""subsample"": 0.7, ""colsample_bytree"": 0.8}"
2026-10-05T19:01:01,33_xgb_sub0.7_col1.0,B,v0,15,150000,3,9.032575720328769,0.0296443205950881,9.032624365554913,8.859847526123096,0.1727281942056713,10.056475162506104,"{""subsample"": 0.7, ""colsample_bytree"": 1.0}"
2026-10-05T19:01:12,33_xgb_sub0.85_col0.6,B,v0,15,150000,3,9.041444732980391,0.0306668032242168,9.04149674071494,8.88262264424212,0.1588220887382725,10.005231857299805,"{""subsample"": 0.85, ""colsample_bytree"": 0.6}"
2026-10-05T19:01:23,33_xgb_sub0.85_col0.8,B,v0,15,150000,3,9.038071695760584,0.0315333985264178,9.03812670485047,8.865824165849872,0.1722475299107113,9.868939876556396,"{""subsample"": 0.85, ""colsample_bytree"": 0.8}"
2026-10-05T19:01:34,33_xgb_sub0.85_col1.0,B,v0,15,150000,3,9.034889855548473,0.0309617341151146,9.034942906896095,8.85743106410605,0.1774587914424206,9.903600931167604,"{""subsample"": 0.85, ""colsample_bytree"": 1.0}"
2026-10-05T19:01:44,33_xgb_sub1.0_col0.6,B,v0,15,150000,3,9.047833452515729,0.0338441490950097,9.047896750675852,8.884397815435662,0.1634356370800649,9.472713708877563,"{""subsample"": 1.0, ""colsample_bytree"": 0.6}"
2026-10-05T19:01:55,33_xgb_sub1.0_col0.8,B,v0,15,150000,3,9.04264199387558,0.0318213273168075,9.04269798380297,8.868312784166521,0.1743292097090574,9.536422967910768,"{""subsample"": 1.0, ""colsample_bytree"": 0.8}"
2026-10-05T19:02:05,33_xgb_sub1.0_col1.0,B,v0,15,150000,3,9.044286653718965,0.0323749161227502,9.04434459813606,8.862406692851957,0.1818799608670058,9.44002366065979,"{""subsample"": 1.0, ""colsample_bytree"": 1.0}"
2026-10-05T19:02:52,34_xgb_tuned,A,v0,15,396900,5,9.007147952642018,0.0189122835851794,9.007167807654842,8.943622620576011,0.0635253320660069,42.11630153656006,"{""n_estimators"": 1200, ""learning_rate"": 0.02, ""max_depth"": 4, ""min_child_weight"": 50, ""subsample"": 0.7, ""colsample_bytree"": 1.0, ""search"": ""координатний спуск, 3 раунди, Protocol B""}"
2026-10-05T19:03:55,35_xgb_native_cat,A,v0,15,396900,5,8.942863460889892,0.017905839395536,8.94288138684641,8.868282571143306,0.0745808897465867,43.09457087516785,"{""n_estimators"": 1200, ""learning_rate"": 0.02, ""max_depth"": 4, ""min_child_weight"": 50, ""subsample"": 0.7, ""colsample_bytree"": 1.0, ""enable_categorical"": true, ""note"": ""ІНШИЙ препроцесинг — не для порівняння моделей""}"
